-- phpMyAdmin SQL Dump
-- version 3.3.8
-- http://www.phpmyadmin.net
--
-- Хост: localhost
-- Время создания: Май 31 2021 г., 17:44
-- Версия сервера: 5.1.52
-- Версия PHP: 5.3.3

SET SQL_MODE="NO_AUTO_VALUE_ON_ZERO";


/*!40101 SET @OLD_CHARACTER_SET_CLIENT=@@CHARACTER_SET_CLIENT */;
/*!40101 SET @OLD_CHARACTER_SET_RESULTS=@@CHARACTER_SET_RESULTS */;
/*!40101 SET @OLD_COLLATION_CONNECTION=@@COLLATION_CONNECTION */;
/*!40101 SET NAMES utf8 */;

--
-- База данных: `60571khla`
--

-- --------------------------------------------------------

--
-- Структура таблицы `category`
--

CREATE TABLE IF NOT EXISTS `category` (
  `id` int(10) NOT NULL AUTO_INCREMENT,
  `Наименование` text CHARACTER SET cp1251 COLLATE cp1251_general_cs NOT NULL,
  PRIMARY KEY (`id`)
) ENGINE=InnoDB  DEFAULT CHARSET=cp1251 COLLATE=cp1251_bin AUTO_INCREMENT=11 ;

--
-- Дамп данных таблицы `category`
--

INSERT INTO `category` (`id`, `Наименование`) VALUES
(1, 'Выпечка'),
(2, 'Гарниры'),
(3, 'Горячее'),
(4, 'Десерты'),
(5, 'Завтрак'),
(6, 'Закуски'),
(7, 'Мясное'),
(8, 'Овощное'),
(9, 'Салаты'),
(10, 'Супы');

-- --------------------------------------------------------

--
-- Структура таблицы `dish`
--

CREATE TABLE IF NOT EXISTS `dish` (
  `id` int(50) NOT NULL,
  `id_категории` int(10) NOT NULL,
  `наименование` text CHARACTER SET cp1251 COLLATE cp1251_general_cs NOT NULL,
  `способ приготовления` text CHARACTER SET cp1251 COLLATE cp1251_general_cs NOT NULL,
  `время приготовления, мин` int(50) NOT NULL,
  PRIMARY KEY (`id`),
  KEY `id_категории` (`id_категории`)
) ENGINE=InnoDB DEFAULT CHARSET=latin1;

--
-- Дамп данных таблицы `dish`
--

INSERT INTO `dish` (`id`, `id_категории`, `наименование`, `способ приготовления`, `время приготовления, мин`) VALUES
(1, 1, 'Бананановая запеканка', 'Духовка', 100),
(2, 1, 'Банановый пирог', 'Духовка', 100),
(3, 1, 'Банановый хлеб', 'Духовка', 100),
(4, 1, 'Бисквит настоящий', 'Духовка', 100),
(5, 1, 'Запеканка', 'Духовка', 100),
(6, 1, 'Грушевая шарлотка', 'Духовка', 100),
(7, 1, 'Лимонная шарлотка', 'Духовка', 100),
(8, 1, 'Маковый кекс', 'Духовка', 100),
(9, 1, 'Маффин', 'Духовка', 100),
(10, 1, 'Миндальный пирог', 'Духовка', 100),
(11, 2, 'Гречка с луком', 'Тушить', 30),
(12, 2, 'Жареная картошка', 'Жарить', 30),
(13, 3, 'Буф Богиньон', 'Тушить', 60),
(14, 4, 'Тирамису', 'Печь', 40),
(15, 4, 'Наполеон', 'Духовка', 100),
(16, 5, 'Блины', 'На сковородке', 20),
(17, 5, 'Бутерброд', 'Хлеб и любой другой продукт вместе', 5),
(18, 6, 'булочки с грибами', 'жарить', 15),
(19, 6, 'Лаваш с зеленью и сыром', 'Жарить', 20),
(20, 7, 'Говядина с морковкой и луком', 'Жарить', 30),
(21, 7, 'Гуляш', 'Тушить', 30),
(22, 8, 'Паста с овощами', 'Варить', 10),
(23, 8, 'Кабачковая икра', 'Варить', 30),
(24, 9, 'Крабовый', 'Резать и смешать', 30),
(25, 10, 'Борщ', 'Варить', 40);

-- --------------------------------------------------------

--
-- Структура таблицы `ingridient`
--

CREATE TABLE IF NOT EXISTS `ingridient` (
  `id` int(20) NOT NULL,
  `Наименование` text CHARACTER SET cp1251 COLLATE cp1251_general_cs NOT NULL,
  `Единицы измерения` text CHARACTER SET cp1251 COLLATE cp1251_general_cs NOT NULL,
  PRIMARY KEY (`id`)
) ENGINE=InnoDB DEFAULT CHARSET=latin1;

--
-- Дамп данных таблицы `ingridient`
--

INSERT INTO `ingridient` (`id`, `Наименование`, `Единицы измерения`) VALUES
(1, 'Вода', 'Литры'),
(2, 'Сахар', 'Граммы'),
(3, 'Мясо курицы', 'Граммы'),
(4, 'Мясо говядины', 'Граммы'),
(5, 'Соль', 'Граммы'),
(6, 'Рыба хорошая', 'Граммы'),
(7, 'Соус необходимый', 'Граммы'),
(8, 'Овощи/Фрукты', 'Граммы'),
(9, 'Лук', 'Граммы'),
(10, 'Укроп', 'Граммы');

-- --------------------------------------------------------

--
-- Структура таблицы `recipe`
--

CREATE TABLE IF NOT EXISTS `recipe` (
  `id` int(10) NOT NULL,
  `id_блюда` int(50) NOT NULL,
  `id_ингридиента` int(10) NOT NULL,
  `количество` int(10) NOT NULL,
  PRIMARY KEY (`id`),
  KEY `id_блюда` (`id_блюда`),
  KEY `id_ингридиента` (`id_ингридиента`)
) ENGINE=InnoDB DEFAULT CHARSET=latin1;

--
-- Дамп данных таблицы `recipe`
--

INSERT INTO `recipe` (`id`, `id_блюда`, `id_ингридиента`, `количество`) VALUES
(1, 1, 1, 500),
(2, 2, 3, 200),
(3, 3, 6, 500),
(4, 4, 9, 1000),
(5, 5, 9, 200),
(6, 6, 7, 500),
(7, 7, 10, 100),
(8, 8, 3, 100),
(9, 9, 4, 500),
(10, 10, 5, 250),
(11, 11, 7, 150),
(12, 12, 8, 400),
(13, 13, 1, 100),
(14, 14, 7, 200),
(15, 15, 9, 200),
(16, 16, 9, 1000),
(17, 17, 3, 200),
(18, 18, 2, 100),
(19, 19, 4, 200),
(20, 20, 7, 100),
(21, 21, 2, 100),
(22, 22, 7, 160),
(23, 23, 9, 122),
(24, 24, 7, 1000),
(25, 25, 4, 100);

--
-- Ограничения внешнего ключа сохраненных таблиц
--

--
-- Ограничения внешнего ключа таблицы `dish`
--
ALTER TABLE `dish`
  ADD CONSTRAINT `dish_ibfk_1` FOREIGN KEY (`id_категории`) REFERENCES `category` (`id`);

--
-- Ограничения внешнего ключа таблицы `recipe`
--
ALTER TABLE `recipe`
  ADD CONSTRAINT `recipe_ibfk_1` FOREIGN KEY (`id_блюда`) REFERENCES `dish` (`id`),
  ADD CONSTRAINT `recipe_ibfk_2` FOREIGN KEY (`id_ингридиента`) REFERENCES `ingridient` (`id`);
